-1	881	17	24	5906	70	12	8	16	19	49	537	30	547	5416	278	214	531	-1	-1	219	18	2932	10	14	16	199	14	3223	14	-1	-1	-1	108	111	-1	308	55	-1	-1	16	84	37	105	28	18	28	138	115	-1	-1	297	58	20	14	22	-1	-1	14	28	-1	-1	6048	39	91	242	22	81	209	147	32	2471	1266	66	0	6	8206	6	23	8	48	1422	14	429	20	297	-1	59	223	24	104	20	1226	573	34	9	560	99	35	57	83	-1	16	-1	91	112	210	55	505	16	-1	109	-1	65	-1	259	918	840	14	18	-1	-1	6	352	14	36	68	209	12	14	36	49	3787	275	16	124	355	30	49	3091	39	10	-1	1436	29	-1	556	708	10	82	53	31	530	61	6	166	18	34	3337	-1	145	14	-1	87	32	10	6	12	30	117	-1	107	43	14	2654	12	731	-1	-1	24	10	8	18	35	-1	147	739	6	32	47	1477	73	6670	1171	192	-1	388	224	-1	-1	3089	7350	0	6	272	21	210	6	4357	174	414	568	6	-1	559	1702	791	8	54	4350	86	352	29	46	93	7761	27	12	3445	6	30	6	112	-1	-1	-1	44	442	508	198	16	149	8	-1	-1	25	479	6	8	-1	767	-1	49	107	45	16	17	-1	7050	-1	121	16	52	170	11	22	2969	52	1972	2567	20	27	43	2649	1433	336	32	248	45	-1	-1	67	93	-1	919	10	22	61	-1	30	28	26	1076	10	14	-1	36	16	165	545	208	496	81	1610	30	131	2610	32	76	218	151	15	130	93	590	1209	-1	-1	-1	951	37	28	69	3343	244	54	399	8	75	18	48	20	-1	970	18	319	-1	-1	5980	2489	23	48	6	-1	47	29	177	495	257	12	73	496	-1	16	14	6097	125	316	22	-1	8	76	25	-1	32	74	-1	927	74	673	874	22	79	-1	497	115	8	25	379	10	20	976	20	-1	6806	12	3033	64	86	2632	18	25	17	3768	-1	57	27	113	186	-1	38	359	32	6	1380	-1	22	-1	96	20	3146	-1	-1	61	207	6	-1	3400	104	-1	994	-1	42	-1	44	-1	2110	408	63	16	18	708	6540	225	-1	6	20	-1	156	2810	1195	12	894	431	940	19	-1	-1	30	95	-1	213	-1	338	16	124	6	116	2163	77	37	600	354	37	47	87	2456	18	196	29	47	95	1127	14	78	8	-1	464	-1	14	8	65	301	10	-1	1381	690	47	45	-1	20	203	686	1688	-1	332	33	-1	8631	12	
855	8	5580	22	735	264	137	7760	61	32	9017	31	2230	4003	6	-1	2674	-1	72	79	125	1009	29	9	-1	3886	1275	-1	12	10	15	14	1421	208	-1	1195	-1	14	-1	14	8	71	-1	270	14	1581	142	-1	-1	0	112	97	413	24	37	662	1690	708	-1	1673	-1	37	45	8	-1	763	40	27	89	864	-1	26	2284	73	10	-1	300	216	21	23	-1	527	22	2606	22	108	174	20	-1	16	3039	45	9657	45	14	1560	-1	16	-1	70	26	-1	1275	-1	491	6	50	5701	302	191	1145	6	6	-1	-1	96	-1	-1	22	1798	10	14	353	18	30	132	20	210	22	2714	2787	14	-1	114	455	21	41	-1	140	-1	2066	1055	-1	-1	22	106	29	-1	94	-1	43	-1	145	-1	6	5898	108	5760	-1	39	76	87	561	0	-1	22	-1	494	-1	502	32	26	26	29	252	-1	143	708	233	-1	-1	14	10	-1	76	238	118	18	1046	118	205	39	-1	10	-1	103	12	595	279	105	-1	145	587	38	1981	8	42	419	290	-1	6	8	1033	1030	-1	14	159	268	2364	18	16	-1	16	-1	94	-1	44	31	30	29	36	10	50	37	53	13	68	-1	8	75	32	-1	13	43	3856	-1	149	-1	-1	16	16	-1	69	6	16	69	236	27	12	8	0	71	603	394	437	1849	1036	12	41	26	-1	6	-1	-1	34	-1	50	293	2966	88	-1	-1	199	564	14	4236	88	16	8	30	25	52	21	88	118	31	20	6	475	964	6	10	-1	-1	-1	-1	607	282	6	355	-1	5805	83	16	-1	145	52	16	62	47	8078	48	238	-1	-1	515	34	59	104	1492	1061	271	6	-1	129	26	61	8143	-1	-1	32	44	21	139	1483	28	67	9	76	3575	8	-1	16	35	18	18	-1	822	6	638	16	30	-1	4620	44	6	-1	8	1446	23	-1	191	12	169	8	28	9	636	16	58	10	66	41	-1	6	147	6	562	3898	708	1582	134	619	2752	22	198	158	14	20	158	197	6	-1	-1	5058	47	-1	1428	8	12	-1	1414	787	345	18	1300	5520	392	11	-1	33	286	263	226	307	129	767	6	381	6	-1	17	-1	1350	303	228	-1	-1	-1	51	1979	67	1381	-1	-1	6	155	10	-1	65	-1	1224	119	24	6884	387	-1	14	276	20	-1	16	2384	8	-1	40	6	10	4034	-1	15	48	734	621	68	109	159	39	32	3662	36	35	-1	2542	183	300	-1	19	11	6	8	22	36	6164	152	6	12	290	6	12	
-1	10	18	532	-1	166	-1	14	111	148	1614	21	34	-1	114	-1	49	112	61	37	22	-1	296	49	22	-1	-1	77	8	26	67	127	49	-1	572	4279	6	3031	-1	-1	323	-1	751	8	14	27	10	22	440	558	-1	-1	-1	30	10	925	273	354	6	-1	87	289	685	-1	10	635	175	2257	24	-1	66	-1	278	17	44	-1	294	17	-1	117	4513	14	590	9280	10	90	6	-1	8	14	745	-1	22	14	305	18	10	3342	-1	18	68	20	201	-1	16	3527	-1	6485	6	341	20	18	35	-1	16	48	35	273	299	2753	25	113	0	13	-1	-1	1073	-1	-1	194	9	14	2220	39	28	182	12	189	56	-1	1118	11	629	8	196	115	28	41	604	250	12	3684	891	330	-1	78	52	-1	245	22	35	219	-1	-1	54	-1	14	31	175	101	16	49	25	1682	155	-1	9	64	-1	-1	8	2151	321	39	66	149	32	-1	120	-1	122	-1	42	363	-1	-1	320	90	20	-1	1873	6	14	496	18	1106	22	19	-1	24	3252	413	12	9479	-1	422	-1	-1	6331	32	45	898	34	12	22	945	6	1046	42	74	-1	48	-1	20	-1	5544	437	510	3733	26	-1	33	-1	20	3137	326	-1	38	8	24	83	17	130	14	-1	2854	26	53	-1	-1	98	290	6	6	43	116	34	58	18	55	-1	-1	56	14	29	2039	144	31	4368	20	2269	22	71	-1	550	53	-1	12	40	6	8821	18	41	10	-1	4531	6	-1	97	14	459	20	258	16	951	220	-1	14	-1	107	-1	16	-1	65	-1	14	2039	64	136	55	584	321	-1	8	66	8	51	-1	12	14	2841	16	-1	13	-1	-1	64	381	1183	6	-1	485	210	53	32	14	65	44	-1	6	1615	3530	153	391	1025	1183	28	-1	436	13	275	383	14	-1	-1	126	-1	126	139	546	14	6508	-1	6	302	16	102	-1	16	85	137	31	999	403	-1	652	-1	14	12	-1	312	-1	1267	3523	188	1589	22	48	549	14	1492	68	8	-1	18	6	-1	35	22	1014	36	616	4104	3511	-1	52	299	115	18	290	26	-1	54	64	87	22	16	12	-1	46	52	38	51	22	-1	45	383	-1	59	132	14	7638	213	12	664	51	389	155	858	-1	75	110	3444	-1	-1	45	-1	-1	161	39	12	-1	-1	6	45	31	27	201	6	-1	46	6	51	6	16	6	3462	9	116	125	14	6380	-1	24	8	3986	98	71	72	350	-1	23	57	813	60	121	428	5232	272	132	
19	-1	12	-1	-1	-1	325	0	-1	8	87	1366	16	-1	-1	37	185	-1	6	-1	18	-1	19	92	-1	-1	79	1059	18	-1	739	195	15	-1	-1	-1	5656	101	-1	32	-1	75	1196	5473	6	-1	1702	81	87	49	78	-1	26	100	273	51	228	30	87	6	26	145	9117	20	275	133	432	-1	-1	348	7411	-1	201	10	8742	433	14	930	-1	1858	22	48	603	-1	336	880	18	71	310	28	55	-1	2729	-1	90	34	-1	2698	18	-1	26	-1	5417	46	6	6	-1	-1	15	66	81	28	-1	24	35	302	-1	22	804	50	1913	-1	-1	40	143	-1	24	146	14	141	-1	2485	36	25	-1	2763	98	22	51	56	-1	447	404	203	14	25	-1	-1	-1	216	18	10	70	132	6	4584	28	52	81	-1	14	-1	121	14	14	-1	30	23	16	-1	-1	91	61	370	-1	411	4572	27	20	22	-1	298	25	152	1414	86	1084	4344	27	7213	814	13	190	-1	1487	16	6	4884	6	602	62	268	329	6	31	280	97	6	-1	7748	96	32	316	18	53	15	12	-1	557	2867	3097	68	18	171	3936	84	603	44	43	18	9	6	70	512	105	-1	58	1704	100	98	22	16	32	166	46	145	194	-1	247	14	719	63	205	175	81	66	-1	-1	2344	15	4726	8380	882	54	35	-1	79	78	-1	12	16	48	45	668	95	3896	856	32	-1	69	10	2305	-1	57	42	8	112	115	13	12	12	91	48	543	-1	272	517	359	957	14	-1	44	39	24	2105	1908	-1	10	6	2452	330	35	40	-1	75	21	37	6	-1	6	-1	5403	152	1447	6	28	451	-1	-1	8	38	1154	18	209	609	69	27	-1	239	6	114	10	-1	23	869	26	4984	58	24	168	248	6198	322	1708	1044	31	17	-1	57	145	4467	2887	651	8	93	-1	16	1682	58	-1	0	-1	742	655	55	5674	36	103	-1	10	58	324	526	-1	43	-1	-1	1809	-1	2140	36	48	85	34	55	6	404	-1	35	44	20	-1	12	34	-1	-1	49	404	-1	421	188	14	182	5686	20	644	17	106	-1	80	-1	127	-1	-1	719	298	18	188	31	21	5178	10	44	-1	0	52	10	212	-1	-1	26	123	2472	16	3610	7567	1807	80	725	185	38	5864	10	20	-1	5175	-1	37	-1	927	117	6	839	475	952	283	16	-1	309	498	12	28	16	280	3296	-1	18	86	152	53	3142	27	22	18	88	-1	-1	-1	3566	26	87	340	-1	8965	12	33	-1	-1	72	-1	
193	462	-1	195	2552	-1	-1	-1	654	589	28	64	184	6	-1	186	-1	22	-1	20	965	5477	174	770	123	765	166	415	234	34	42	16	39	22	30	-1	-1	2233	2326	2059	6	-1	4737	29	765	3819	74	10	137	1246	-1	22	30	72	64	-1	-1	14	-1	85	402	12	32	-1	-1	-1	54	6	-1	8	409	-1	5793	10	12	66	450	14	-1	462	738	6	29	146	-1	21	27	589	6	81	10	16	-1	6	13	14	52	41	54	343	12	120	130	5096	375	40	-1	24	551	33	96	-1	264	8	-1	47	-1	1570	1444	17	28	39	-1	-1	-1	6	95	5714	-1	3820	-1	26	40	1076	276	12	236	12	58	16	10	91	322	-1	381	92	34	257	1707	-1	86	68	92	1299	12	1348	44	14	0	52	171	10	1729	75	523	6	38	36	-1	16	49	23	1812	34	251	942	-1	-1	172	228	43	66	8	32	35	96	-1	40	36	69	114	-1	30	5291	-1	55	10	-1	9	206	-1	0	378	-1	7592	173	-1	-1	-1	20	295	-1	28	10	792	14	50	83	-1	767	1369	-1	2732	35	8496	167	157	94	66	3045	100	240	35	291	960	185	-1	41	-1	109	2206	2942	180	189	-1	-1	1027	286	0	16	16	111	574	20	10	8	919	2929	21	74	-1	1179	-1	308	24	5087	45	-1	14	2353	58	-1	511	-1	439	852	4580	468	17	26	1377	126	32	61	-1	747	223	398	-1	144	-1	-1	-1	-1	14	20	5598	20	-1	157	45	1346	864	82	358	25	792	41	6	32	63	-1	49	727	22	-1	58	327	305	23	-1	-1	65	2736	-1	399	1476	5269	-1	42	87	4201	186	12	111	52	108	15	14	-1	468	19	310	1894	236	66	421	60	-1	27	41	138	16	16	-1	-1	-1	-1	-1	192	292	848	-1	12	21	-1	-1	82	135	-1	6841	802	502	10	44	23	1889	-1	-1	231	132	206	-1	-1	1445	12	898	78	24	16	10	-1	764	-1	16	8	6422	19	37	3501	1646	-1	14	14	-1	-1	-1	-1	22	1165	1058	38	1857	65	1522	1174	-1	20	169	36	59	-1	-1	6	5440	103	-1	42	72	51	10	8	1818	295	1220	196	377	-1	-1	89	-1	-1	16	-1	158	2151	113	7334	18	161	47	6	19	26	13	58	142	18	-1	175	230	334	7202	19	8	-1	604	7422	12	1048	681	-1	6450	-1	152	12	-1	20	-1	-1	2959	10	12	20	543	-1	29	14	64	-1	1620	-1	123	381	49	18	-1	-1	5289	56	
24	24	5510	19	1876	20	6	12	1310	241	-1	75	36	46	127	6	-1	1103	-1	386	20	-1	-1	41	124	-1	14	239	3329	-1	2782	739	181	59	-1	-1	151	8004	70	381	-1	70	47	32	26	-1	10	6	56	45	64	2855	-1	12	42	305	597	63	707	-1	21	8399	-1	-1	329	261	3501	143	64	472	213	112	28	18	0	-1	8	-1	141	-1	72	8	26	610	-1	14	6	39	-1	1375	-1	2539	-1	16	1199	87	2447	56	4894	-1	-1	1987	1003	30	-1	196	157	359	-1	36	109	-1	24	252	1224	37	89	10	-1	642	1163	3686	-1	1480	-1	52	16	-1	-1	347	220	20	27	703	951	235	6	-1	-1	3101	-1	-1	16	20	10	706	97	36	-1	37	14	81	61	-1	20	120	-1	29	13	98	10	30	546	0	18	-1	71	2193	74	-1	0	42	37	553	-1	514	38	117	61	45	1621	-1	16	395	79	44	16	63	-1	16	0	5981	102	-1	49	380	2115	65	6	646	68	302	77	-1	18	23	282	512	12	448	14	16	-1	10	-1	206	-1	10	14	20	979	535	0	12	39	-1	39	223	10	-1	357	482	18	30	151	30	8	8717	-1	6	18	525	63	-1	20	30	184	879	812	164	12	61	41	8	655	-1	-1	274	10	488	1015	202	-1	44	16	9431	14	-1	798	2268	-1	-1	-1	229	46	44	10	23	-1	840	-1	31	18	31	-1	257	-1	-1	4584	-1	-1	-1	2909	6	28	66	1874	8	13	68	401	37	31	-1	-1	10	0	23	6	63	45	-1	-1	6135	24	3220	9545	20	95	-1	-1	89	2872	-1	104	6	64	90	84	20	391	9416	-1	2969	37	148	133	43	326	582	662	47	94	3061	52	554	10	-1	24	-1	930	-1	24	42	8	404	-1	-1	38	28	58	-1	4060	-1	236	215	-1	-1	866	-1	59	-1	1049	26	4313	18	30	6	-1	-1	2025	3220	255	682	8	95	173	166	-1	-1	96	156	33	24	160	18	28	8	2987	22	-1	105	-1	-1	129	110	6	8	12	6	206	6	39	18	22	-1	22	39	103	30	22	89	16	16	178	23	639	8395	35	555	378	555	-1	524	104	86	8	-1	291	844	16	-1	-1	-1	200	1539	14	0	36	18	5886	127	-1	-1	986	485	549	161	151	8	115	-1	614	651	37	14	494	-1	641	23	25	26	7357	-1	3185	379	190	271	-1	17	34	10	1672	-1	12	-1	8	66	356	73	-1	0	-1	701	-1	-1	24	-1	729	50	
32	-1	3997	312	2808	802	436	-1	-1	296	14	184	-1	-1	6	119	29	2807	-1	-1	42	-1	49	38	17	386	213	26	18	-1	43	-1	-1	-1	333	78	879	1922	26	-1	-1	166	10	5568	20	22	88	14	4090	607	1057	-1	-1	41	379	882	-1	51	23	36	13	26	6100	477	-1	38	620	20	78	-1	18	186	-1	31	6	37	-1	-1	18	175	-1	5172	40	50	18	-1	19	-1	3803	-1	-1	273	10	25	33	3477	-1	53	20	-1	29	40	186	5930	257	6	-1	319	-1	747	-1	-1	220	69	-1	-1	-1	-1	8542	84	2989	-1	41	6	840	32	-1	2380	53	-1	8	15	-1	20	-1	-1	214	-1	54	26	-1	-1	-1	373	577	-1	22	50	18	5156	67	-1	84	46	2580	1075	8566	-1	46	14	-1	77	44	264	1417	132	24	6	57	63	-1	148	817	30	-1	34	70	-1	54	104	-1	8	599	33	-1	-1	-1	26	717	448	8	6	16	14	36	-1	-1	96	30	-1	-1	236	4393	37	80	466	14	449	107	32	89	3865	-1	867	10	-1	-1	36	61	406	5535	-1	234	640	265	7658	14	-1	96	-1	10	-1	20	1383	32	1596	310	1025	26	-1	64	1622	245	8	63	82	-1	3481	116	81	24	-1	387	3126	60	547	1240	-1	22	952	-1	80	6	130	41	31	26	-1	522	191	41	22	63	25	974	31	-1	32	0	36	-1	75	12	-1	480	23	1566	3195	300	98	-1	240	307	20	43	54	34	9456	-1	56	-1	24	43	59	-1	28	37	312	20	33	16	153	16	131	68	1403	26	8	18	6	424	17	1948	500	12	107	210	149	24	1873	730	-1	6	1308	-1	240	133	18	58	8	28	14	-1	934	1037	27	933	73	-1	16	-1	14	0	-1	800	3338	54	-1	963	6	28	2095	1943	335	-1	995	85	711	-1	76	10	61	-1	0	0	-1	38	21	134	12	-1	36	200	1346	1054	-1	14	890	9	23	656	-1	10	28	122	16	101	498	294	35	81	560	-1	3869	4777	298	6	1491	-1	22	1449	31	24	-1	-1	72	2434	72	1389	1070	23	990	-1	43	-1	-1	10	-1	68	-1	6092	13	-1	4929	16	-1	777	110	6	33	-1	124	8	-1	6	252	472	65	55	50	-1	1042	-1	22	165	12	-1	223	-1	31	76	47	16	1707	6	1335	-1	16	439	3362	484	1631	100	1150	18	-1	-1	-1	115	4348	3962	-1	10	26	33	20	30	14	6	-1	-1	66	47	21	399	18	1149	17	58	17	
48	8	132	293	186	-1	243	383	136	52	111	1268	14	-1	146	-1	41	1504	-1	351	233	80	-1	23	272	-1	468	-1	-1	225	185	95	26	0	24	6	99	3908	7958	34	28	222	171	-1	-1	440	110	214	384	-1	523	7337	-1	-1	7828	54	1048	5879	38	-1	30	6260	26	80	64	456	1205	-1	16	65	-1	-1	94	10	541	-1	89	38	10	2948	-1	-1	224	72	-1	2084	1767	29	-1	-1	883	-1	23	88	79	-1	4360	1849	20	50	4078	6	6	267	10	26	18	364	311	74	283	-1	964	49	-1	14	-1	-1	-1	40	16	22	2077	16	5015	6200	18	41	-1	2076	-1	-1	126	116	116	24	1181	109	20	14	14	46	20	-1	-1	6	2272	1039	30	490	-1	26	8869	8	624	135	2157	10	505	-1	-1	89	3272	39	5613	2442	1266	-1	10	2412	4370	20	1549	477	42	17	18	256	7663	282	52	-1	-1	-1	65	284	80	159	123	18	324	-1	-1	247	209	113	248	67	45	12	49	2912	526	39	-1	6	12	52	132	403	44	278	-1	64	8406	8	8	2642	34	16	0	-1	24	-1	101	47	5534	60	134	107	79	18	5907	51	-1	-1	377	-1	-1	-1	149	53	-1	-1	708	10	46	309	19	885	103	139	-1	3907	24	52	28	-1	-1	-1	30	26	29	363	-1	689	-1	2695	97	31	513	3214	88	49	-1	17	81	49	7245	16	156	107	3012	8	14	-1	77	44	-1	114	3871	-1	613	1032	16	-1	-1	336	7598	44	1903	317	1364	552	71	18	132	8743	25	147	10	96	1688	252	739	381	29	47	-1	2980	40	703	1288	27	9	73	1107	100	12	12	-1	10	31	340	1177	10	46	-1	72	7344	25	6	205	86	269	-1	67	10	-1	10	2050	8	-1	278	218	3870	30	3289	385	-1	4713	89	99	-1	131	-1	-1	49	668	1296	1613	5279	-1	27	33	20	1801	3503	-1	-1	758	2824	2399	-1	12	362	63	36	18	214	88	-1	253	18	282	1505	30	-1	34	663	867	55	349	9438	2000	24	7137	-1	-1	0	1236	20	587	-1	-1	12	-1	109	1133	7169	100	5207	26	-1	-1	27	15	131	2247	-1	83	-1	399	279	-1	-1	6	-1	160	8392	6393	8	43	118	14	26	53	3317	6	-1	1046	6676	233	3827	141	14	3567	74	2884	-1	110	6	123	16	-1	718	-1	69	20	-1	-1	16	768	43	12	447	120	-1	12	49	6	-1	50	16	1027	-1	32	11	-1	0	-1	333	-1	-1	458	98	50	-1	9087	262	
-1	-1	14	1070	408	30	0	252	42	-1	30	329	20	-1	45	-1	-1	-1	-1	22	166	6	-1	25	206	28	-1	26	491	6	925	312	61	53	16	-1	73	55	8	-1	156	115	44	16	-1	47	125	1138	320	16	28	-1	26	135	141	6	1303	99	12	95	212	1544	29	38	-1	16	6	26	172	390	2171	24	8	18	-1	194	14	117	418	16	14	-1	1052	36	34	96	24	509	12	-1	101	22	-1	210	105	212	-1	147	936	24	-1	-1	120	40	43	19	-1	10	1132	18	122	6	8	69	180	8	9	90	-1	-1	-1	30	-1	51	3243	-1	42	24	524	56	351	63	-1	6	2524	-1	62	-1	77	748	455	36	20	18	2244	25	32	-1	-1	36	812	77	257	675	662	71	97	-1	-1	129	18	392	70	10	569	-1	-1	8517	658	18	10	341	112	-1	12	-1	2335	99	109	30	2497	68	593	86	-1	0	43	1237	-1	42	6	18	6	60	-1	-1	2368	16	6	-1	-1	14	811	112	1106	-1	284	18	-1	333	803	7079	261	-1	25	16	6	2119	64	-1	8	60	106	3935	-1	1030	8747	-1	-1	4810	1265	124	-1	-1	6	28	24	33	727	-1	-1	110	268	14	10	-1	129	59	-1	12	656	-1	249	122	9238	63	122	22	49	13	8	78	14	1671	125	31	62	2270	44	67	-1	351	72	-1	34	62	-1	12	65	16	295	-1	10	-1	4504	223	6	265	22	-1	1145	26	18	39	20	-1	8	-1	661	123	680	7276	8	8	31	41	-1	16	-1	719	1564	18	4400	8	8547	42	-1	1322	15	-1	-1	48	32	10	14	116	-1	-1	1078	252	27	99	8	828	1510	14	150	-1	28	1210	118	169	395	336	4829	-1	18	33	2207	13	1130	64	32	279	83	-1	8	147	105	-1	17	6	-1	18	379	26	-1	468	-1	14	159	15	52	340	98	-1	-1	-1	10	-1	728	-1	213	14	226	-1	103	104	32	22	32	7881	47	-1	-1	24	-1	16	142	314	43	3741	2189	18	-1	68	-1	70	8	2146	9463	23	20	619	607	-1	-1	36	96	32	31	226	108	556	6	-1	1126	20	2045	3762	321	40	40	12	60	22	83	55	-1	4405	-1	12	1643	2101	20	-1	14	311	18	291	3104	499	1350	770	82	58	-1	14	28	24	8	4132	67	74	81	150	31	1081	14	-1	20	-1	48	29	70	6	30	60	4546	34	147	6	10	84	4842	89	-1	3574	-1	2264	20	-1	1553	8	26	-1	120	563	-1	74	
39	10	-1	-1	-1	-1	25	6	6	-1	-1	21	43	615	114	1239	107	6	-1	676	143	1650	-1	124	15	13	657	74	-1	-1	22	1594	18	46	6	80	197	826	255	-1	65	2625	992	-1	4273	2832	103	32	89	8	38	556	0	66	-1	4745	149	46	-1	886	141	283	43	26	-1	46	8	4778	1202	152	14	66	1303	-1	733	10	54	-1	83	-1	102	6	-1	313	14	150	5122	3083	-1	184	9	-1	8	88	47	92	4651	-1	45	395	27	-1	-1	26	1886	12	1268	10	121	42	-1	1194	2193	31	8409	-1	89	339	6	109	-1	22	7337	1049	889	-1	171	42	169	30	22	-1	8	390	134	352	14	-1	563	33	-1	31	30	21	80	8	-1	-1	211	-1	128	-1	667	557	148	-1	16	3067	28	17	-1	397	7917	-1	297	1731	-1	1232	-1	1791	3707	930	-1	342	34	16	12	10	50	16	310	1913	6893	17	92	-1	317	271	5157	57	61	1489	95	154	6	54	14	34	484	21	10	65	295	39	-1	38	3907	990	25	780	3513	7462	9	31	77	92	1650	-1	49	6	-1	-1	-1	25	8	10	163	-1	29	46	26	26	326	34	0	-1	18	16	-1	-1	257	64	29	-1	-1	6	-1	-1	47	45	8	-1	1098	-1	12	35	10	-1	23	210	357	26	422	20	16	18	14	6	238	-1	-1	6064	-1	35	-1	2477	3180	12	30	20	72	-1	1498	10	8	199	-1	32	908	-1	0	70	66	1412	77	5403	118	132	5293	12	12	10	158	-1	61	30	936	28	4993	-1	26	6	32	22	18	4883	50	-1	29	671	26	-1	0	1604	-1	230	2298	205	20	18	4137	48	-1	-1	261	0	26	-1	60	12	-1	4681	10	6	6	10	2879	22	37	-1	370	170	1225	273	4280	610	-1	2165	113	99	6	672	41	10	43	14	149	24	54	73	98	28	6	23	43	197	25	24	-1	780	-1	-1	125	-1	773	-1	24	467	37	10	-1	-1	-1	-1	-1	1949	109	-1	-1	124	-1	34	-1	74	10	-1	133	-1	-1	53	243	-1	47	4572	44	36	2147	-1	24	480	604	10	18	58	-1	123	63	22	74	3543	-1	7026	31	65	-1	3298	20	90	-1	-1	2410	1070	180	29	4185	-1	-1	313	6	-1	10	-1	-1	37	35	1739	-1	110	584	12	61	41	1688	-1	24	-1	16	-1	33	10	67	-1	581	81	19	34	22	86	10	1524	-1	895	-1	18	103	-1	1244	-1	3342	527	22	7996	12	8062	20	26	68	6	456	60	
24	87	2646	-1	88	343	7417	15	18	1261	156	776	95	248	218	1605	-1	47	10	63	-1	87	37	36	3070	38	59	88	49	6824	25	39	8	125	-1	31	67	116	3901	1122	14	27	-1	2915	69	7186	0	995	28	30	1656	2490	2831	31	208	-1	18	30	59	268	6	6	38	-1	-1	26	16	41	170	-1	14	24	20	-1	114	43	18	365	41	-1	38	78	25	-1	30	18	53	233	63	14	34	143	181	25	-1	1605	7543	129	1522	-1	44	138	-1	-1	618	22	30	6	10	408	-1	1408	12	1027	2552	111	-1	3055	28	1860	-1	110	-1	-1	-1	-1	267	40	12	174	304	-1	-1	-1	-1	32	-1	-1	453	6382	470	52	8323	16	1492	499	209	92	8471	492	372	326	-1	57	2581	-1	81	26	1674	23	4415	264	93	95	22	699	1098	465	2675	-1	48	701	-1	31	-1	19	60	-1	-1	8	-1	541	55	985	14	123	99	-1	-1	332	24	14	353	197	22	-1	63	82	28	-1	-1	85	235	10	7660	-1	170	-1	18	8	10	85	-1	24	6132	28	32	24	579	48	32	821	-1	291	2599	152	6	1508	-1	160	9178	-1	39	57	48	30	248	-1	119	27	36	12	426	-1	6	331	481	-1	942	-1	-1	16	1083	48	-1	14	124	19	847	90	-1	18	18	22	14	172	-1	3628	4520	311	106	6	53	6	109	6	-1	3265	-1	-1	8379	-1	75	23	22	16	20	1236	1173	-1	645	323	60	1292	24	10	-1	26	-1	114	6287	-1	-1	108	202	49	1605	-1	6	39	104	33	1949	371	-1	52	524	67	23	305	290	8	5413	126	140	261	31	623	33	8236	16	68	-1	2027	47	8053	24	52	1340	9	-1	-1	-1	932	49	10	8	3528	49	0	-1	1572	-1	-1	70	28	11	12	-1	24	28	982	2821	340	76	9571	1183	52	22	1742	171	651	10	239	106	195	31	52	70	71	-1	6	1441	-1	355	44	-1	30	238	62	80	2136	32	826	30	429	34	6294	20	1844	2420	-1	2415	205	2811	126	345	0	-1	75	-1	12	810	33	251	430	15	182	76	445	-1	78	464	854	61	64	69	-1	6	70	16	34	7691	406	998	2133	6	16	176	20	2463	-1	12	16	44	39	8	2198	56	22	335	209	12	5976	8	-1	18	10	17	51	-1	407	112	2886	16	-1	3899	-1	9	-1	23	57	91	-1	37	121	28	30	-1	-1	-1	123	715	-1	14	68	8	-1	45	-1	4387	-1	263	62	22	3998	83	36	30	83	
1112	369	7341	-1	71	6	3639	8245	10	-1	9588	24	73	108	761	52	-1	291	3350	121	35	-1	-1	32	688	2001	141	-1	-1	2757	-1	-1	-1	10	23	-1	145	-1	3154	112	6445	6	-1	68	-1	95	-1	14	21	1237	-1	80	48	1437	327	-1	6	-1	148	-1	5298	386	-1	50	101	255	186	10	304	38	2268	209	367	-1	349	2637	2752	6	76	816	-1	-1	-1	4709	32	-1	14	72	-1	6	16	-1	2755	-1	444	1528	59	17	41	21	1584	8780	1124	96	221	673	95	964	-1	102	-1	269	3935	-1	1081	-1	139	20	22	-1	1874	-1	-1	2667	172	20	-1	365	-1	4291	6569	196	1853	19	10	-1	-1	-1	59	-1	514	-1	160	1232	18	-1	6	5378	23	45	1213	111	12	37	425	24	-1	98	8	263	62	6	-1	1153	-1	8	14	59	526	63	26	29	2630	30	38	35	363	56	26	14	1701	2875	-1	20	-1	4218	61	492	32	-1	3566	-1	-1	92	52	-1	19	61	14	22	10	22	6	-1	139	97	1406	-1	20	214	-1	227	16	41	8063	14	-1	4119	42	769	-1	200	51	-1	36	18	53	111	29	340	6	61	97	-1	10	208	549	132	-1	80	-1	71	-1	-1	15	12	2753	16	57	103	217	2230	-1	-1	80	19	8	10	117	840	-1	10	20	784	12	18	16	-1	110	114	28	-1	10	2632	10	-1	473	-1	1151	72	738	2842	1194	267	66	3182	6	-1	69	-1	-1	24	-1	417	14	2155	48	81	1021	86	125	548	76	-1	138	426	59	10	6	37	38	16	211	39	204	26	707	-1	769	138	-1	87	52	-1	-1	42	32	176	16	-1	25	16	45	29	305	9	54	1136	46	188	8	31	304	39	1514	288	151	101	23	-1	73	-1	1056	4077	85	1235	6	5667	2736	12	28	6	4135	410	131	14	646	201	10	273	3773	181	223	972	-1	132	3652	-1	220	246	49	16	404	43	108	12	1033	143	14	92	7893	79	-1	20	1953	-1	60	75	14	45	108	628	0	22	32	32	-1	-1	218	4172	-1	18	900	49	45	14	66	-1	-1	2002	26	6	311	1393	342	5968	29	-1	14	-1	30	7199	1822	985	248	475	14	-1	31	72	22	-1	117	185	-1	945	71	-1	79	33	26	3843	10	236	6	8	186	12	-1	2905	-1	73	-1	138	-1	33	-1	140	16	-1	-1	3225	3903	1154	-1	18	203	5489	18	19	1446	192	22	-1	206	21	27	-1	-1	-1	-1	243	8	150	1887	49	7181	878	-1	61	
-1	-1	366	-1	-1	1661	-1	856	-1	-1	-1	-1	33	68	480	-1	-1	1126	98	10	35	560	44	55	-1	-1	8	907	51	69	768	14	46	30	-1	76	16	42	10	16	22	898	-1	2392	57	30	1127	6	400	22	32	1116	176	-1	57	7131	1451	1400	37	41	980	21	375	21	301	6	24	16	295	-1	1344	1170	1140	-1	164	14	24	92	43	12	3206	223	45	14	107	-1	-1	10	86	-1	292	-1	37	13	-1	85	225	-1	61	14	71	-1	-1	52	132	164	-1	0	1985	2554	-1	87	113	20	119	199	-1	3732	396	143	-1	573	38	2500	3205	8	6	18	-1	-1	105	6	64	193	-1	59	1560	1193	18	38	22	264	37	1129	34	22	16	-1	78	255	-1	65	-1	10	36	18	-1	131	14	5322	235	22	-1	-1	-1	12	-1	-1	104	6	292	16	1288	58	12	6	8	-1	166	712	-1	20	30	33	14	55	1937	1910	128	123	12	72	6	395	-1	-1	16	227	102	42	3884	161	47	41	-1	-1	23	990	36	22	-1	24	6	825	6	3486	-1	82	-1	142	8	56	23	515	-1	14	75	9	18	62	135	57	8	11	40	16	836	16	1461	-1	49	34	6941	-1	47	299	487	258	6	41	-1	360	171	14	-1	362	-1	43	10	-1	34	2845	38	859	72	6	8	8	312	-1	-1	130	1527	-1	-1	24	17	8506	22	6	2045	30	6954	4050	46	26	-1	8	15	-1	-1	933	14	2277	254	16	3022	30	10	6	783	1275	873	-1	160	801	2977	-1	177	6810	900	384	2439	-1	10	57	115	45	16	127	26	1153	989	6	-1	1135	261	-1	775	-1	34	8	26	-1	3849	34	-1	26	-1	18	23	6	360	104	34	16	965	392	6	52	86	132	59	18	-1	24	5146	797	24	14	72	479	425	-1	311	-1	28	-1	2469	22	-1	4015	-1	162	288	35	500	-1	22	798	-1	5281	518	128	18	26	0	21	0	10	1106	22	31	3710	-1	6	5242	22	10	14	-1	-1	24	51	44	3251	46	413	599	37	24	14	179	189	18	42	86	5119	74	-1	-1	174	14	2534	-1	18	-1	698	117	-1	33	6	550	2352	3756	35	-1	80	18	271	68	8	20	2212	530	7598	-1	26	82	1093	233	1115	116	277	48	8011	131	255	16	6	45	6	142	134	-1	1025	10	118	6	3242	339	2227	91	-1	-1	-1	421	-1	92	48	99	-1	27	727	486	13	18	348	33	-1	418	5258	688	1158	16	1496	215	10	40	-1	
3016	24	40	-1	1373	16	155	101	67	38	-1	6	20	2457	176	6	6	335	38	8431	123	16	0	-1	228	3640	48	236	40	15	48	-1	0	45	127	-1	-1	70	21	-1	353	696	6990	21	10	17	619	25	-1	30	43	16	26	118	6	919	39	-1	-1	41	10	119	-1	18	-1	-1	29	16	30	-1	26	114	-1	-1	16	503	140	-1	6	18	53	424	33	-1	-1	20	354	111	1086	46	483	18	75	-1	25	12	-1	6201	0	-1	8	50	30	333	67	-1	47	13	12	-1	592	1092	78	56	166	1849	55	-1	106	3535	20	33	231	6	17	32	6	90	61	36	-1	31	372	-1	969	12	740	323	687	29	-1	187	77	4194	64	6	-1	32	22	50	17	24	26	28	1874	895	-1	12	674	-1	6684	425	1202	-1	6539	-1	-1	1012	104	-1	243	-1	545	-1	6	-1	-1	320	2887	17	16	1412	190	8	375	353	282	-1	83	-1	20	1039	39	20	21	649	8	6990	122	96	225	28	119	20	6	-1	10	-1	34	14	2576	8	128	393	35	0	1061	91	-1	45	48	30	-1	14	283	3855	3478	-1	581	-1	162	-1	16	123	343	12	3060	12	-1	14	1189	21	2918	1008	-1	18	32	-1	26	53	2636	-1	20	32	2994	78	-1	153	46	18	50	300	21	26	94	-1	1281	171	664	16	8	8332	-1	133	6956	161	0	14	58	129	-1	-1	5663	12	57	65	632	156	8	10	294	-1	26	166	-1	8932	313	-1	30	245	-1	-1	4270	2383	-1	10	1229	1365	-1	27	30	-1	-1	22	52	56	140	-1	740	31	-1	-1	60	422	43	55	65	181	506	395	27	-1	62	619	98	95	10	21	28	1238	45	89	22	-1	12	48	-1	156	30	766	63	133	-1	-1	12	336	419	56	-1	369	3317	58	373	6446	1148	-1	-1	0	8	14	-1	372	689	2042	104	-1	15	79	11	32	751	16	10	1586	14	12	20	-1	79	17	-1	1503	6	51	-1	86	6	-1	267	39	35	10	73	800	894	-1	544	112	8	64	31	-1	32	671	4596	5790	4613	-1	20	18	-1	195	22	-1	74	49	-1	1064	-1	33	228	24	58	174	1192	35	1008	645	35	54	855	379	22	43	16	48	20	1275	-1	26	6	14	1491	55	-1	104	-1	-1	49	20	357	20	285	57	8	-1	-1	1391	-1	1374	606	131	30	9	665	534	841	61	-1	-1	7800	-1	-1	37	52	958	-1	148	506	1863	1080	422	819	117	45	2057	535	24	142	6	
146	62	36	138	6	14	92	189	44	17	111	22	-1	50	46	570	244	146	-1	-1	182	75	20	15	13	82	0	98	10	-1	59	51	156	-1	-1	6	0	16	22	40	68	-1	-1	4218	18	346	32	6	-1	22	18	2913	-1	-1	196	28	12	330	2782	-1	-1	2980	23	24	37	48	-1	18	1938	229	-1	-1	6	40	18	441	125	16	82	22	3606	3612	9	17	3139	1505	22	26	3334	277	-1	3244	16	34	75	10	65	48	-1	179	-1	872	1429	47	35	385	38	503	180	-1	33	903	240	6	24	629	61	14	-1	18	201	-1	-1	12	1579	20	22	2766	2819	-1	1280	234	338	-1	0	40	26	-1	40	7393	53	-1	18	253	107	2938	1757	64	42	-1	50	53	-1	-1	935	60	99	1045	-1	56	-1	105	112	161	18	16	107	568	484	994	-1	265	86	93	332	43	122	-1	26	579	8	200	-1	153	21	14	27	-1	730	686	263	251	33	86	14	-1	6	18	26	-1	-1	-1	-1	-1	8	16	-1	118	1234	852	14	81	376	36	-1	21	55	-1	329	44	716	64	28	11	-1	-1	27	12	101	33	-1	18	28	90	10	358	-1	21	2740	-1	250	9378	12	16	125	52	7889	144	25	8	-1	-1	-1	8	259	260	6	1007	66	2261	1285	-1	41	51	6779	-1	-1	100	-1	-1	-1	6	-1	-1	1001	337	368	-1	6	27	6	14	20	381	-1	108	15	14	-1	14	13	12	353	1879	-1	217	-1	-1	12	24	123	309	302	14	168	2370	10	242	8	118	112	111	26	6	-1	-1	6539	28	-1	73	35	6	-1	6	-1	10	24	-1	8303	6	12	-1	12	28	20	21	7325	84	15	16	309	-1	57	-1	-1	343	261	-1	-1	47	26	47	4843	14	-1	24	43	92	98	10	55	692	22	-1	5338	-1	233	939	-1	16	1837	65	93	1037	-1	3441	295	451	37	231	20	-1	2876	104	314	76	53	8	28	12	61	12	517	134	3518	350	-1	202	41	36	825	72	277	10	277	55	46	59	6	-1	420	55	12	68	69	-1	-1	61	-1	89	772	52	100	-1	102	8112	22	11	-1	16	-1	218	2910	-1	26	246	124	3754	-1	20	81	29	59	44	29	349	2697	1435	10	6992	9	45	27	12	1778	496	52	20	-1	71	-1	40	341	60	-1	97	6	6	86	10	104	101	6	-1	57	-1	-1	90	1779	-1	150	46	384	-1	8	1407	94	-1	120	-1	2048	25	80	-1	10	-1	14	-1	12	700	
-1	-1	-1	61	1885	714	31	44	21	-1	4771	1686	14	37	8	70	31	870	53	298	-1	101	58	145	40	-1	-1	479	16	5558	239	-1	1804	203	-1	10	-1	116	1368	26	-1	28	19	40	4568	60	135	117	88	41	132	-1	10	6	719	962	665	1174	163	205	-1	236	1075	4698	-1	-1	-1	5698	269	48	-1	1082	6106	-1	-1	221	99	759	13	19	1026	506	53	19	102	48	7920	224	1732	34	3934	89	200	6	98	-1	352	-1	31	-1	6	6722	-1	416	28	18	-1	62	662	2234	1267	8	482	912	-1	6	0	1563	-1	327	20	14	52	18	10	-1	-1	7703	-1	116	429	-1	20	25	123	45	22	-1	-1	-1	848	36	377	2048	20	-1	-1	22	131	489	-1	87	155	-1	6613	8	1149	312	-1	201	10	7623	101	6	-1	77	310	2821	-1	16	69	-1	3884	193	-1	524	35	133	8	59	152	6	37	115	14	-1	14	37	393	-1	108	319	190	346	67	1024	4528	47	-1	589	152	426	12	10	14	-1	8	17	26	-1	121	59	741	-1	1525	-1	4402	16	-1	17	41	64	-1	658	63	10	1286	-1	38	8	16	808	-1	413	2389	390	8	-1	-1	671	-1	65	23	17	929	432	-1	6	69	60	8	2709	28	-1	923	41	22	143	-1	39	20	14	-1	-1	821	140	17	14	-1	-1	14	22	273	1145	-1	34	-1	596	-1	16	105	-1	-1	-1	16	104	-1	-1	-1	6	1022	200	18	331	191	204	1814	18	147	6	2575	291	243	-1	8	3487	28	6	-1	9	412	12	75	26	59	26	245	5470	-1	36	10	-1	36	358	26	116	54	22	-1	-1	773	87	943	-1	6	-1	10	0	-1	47	18	-1	26	-1	349	30	10	318	305	93	4803	170	-1	12	503	-1	-1	29	8713	57	18	146	6	15	6822	-1	0	103	119	10	651	57	14	42	10	1458	66	99	14	474	26	-1	2572	28	37	65	2171	65	-1	170	20	296	58	-1	-1	120	155	-1	-1	-1	-1	5308	3219	128	-1	31	51	288	422	-1	5585	16	37	384	50	8	-1	33	30	117	0	-1	5757	275	169	185	-1	183	16	-1	-1	93	2304	4616	-1	610	1839	1901	-1	117	33	5994	16	-1	147	1628	24	10	354	525	193	77	-1	-1	-1	580	3996	18	-1	32	317	569	24	-1	510	167	638	234	74	159	929	120	-1	58	31	-1	-1	24	59	14	-1	8	138	-1	13	18	36	26	68	793	-1	-1	77	8	823	170	2029	-1	194	-1	
1166	-1	1334	276	220	21	48	22	2107	12	31	237	1430	80	16	169	119	31	48	10	94	14	6	26	10	40	3792	64	689	142	6	5561	-1	98	22	-1	194	18	223	1973	4832	59	23	24	725	2775	28	-1	42	921	-1	-1	6	500	818	16	-1	0	-1	22	224	56	95	789	2418	14	222	60	12	20	667	402	373	1013	5442	20	71	374	103	2994	54	21	412	6	40	18	40	61	193	535	81	1214	462	218	179	26	214	-1	1851	6201	-1	6	12	778	58	14	26	9	548	10	79	-1	484	106	26	144	0	213	55	158	27	-1	2980	30	8	10	83	168	179	6	436	1530	194	6	362	480	6637	24	175	57	132	365	24	20	32	-1	-1	5176	-1	451	6	56	454	25	14	1558	8	1068	32	1807	14	10	-1	1167	-1	118	84	14	1655	2942	113	846	347	117	54	18	45	10	-1	8	46	1106	24	-1	-1	40	51	10	14	18	26	503	689	254	0	41	33	6	-1	32	6	56	-1	3678	72	110	61	6	-1	-1	27	25	216	-1	10	14	6	104	-1	24	6290	27	-1	56	-1	34	651	55	-1	956	943	1958	10	-1	867	89	124	5181	15	145	-1	205	9	171	127	-1	530	-1	1450	16	116	311	-1	42	-1	4838	92	-1	69	2367	494	193	82	44	72	5479	60	-1	-1	158	825	14	-1	-1	-1	50	4136	20	566	9358	16	18	74	10	71	6	1230	41	367	44	-1	2197	14	295	52	-1	38	1293	-1	93	95	2000	-1	140	-1	2229	20	6	-1	3631	16	16	407	-1	8	-1	28	18	20	-1	-1	169	16	106	254	-1	-1	50	14	114	43	-1	348	490	45	156	32	22	23	189	-1	251	260	30	-1	293	-1	41	149	20	2885	49	-1	12	10	18	231	100	860	223	456	17	88	319	20	242	7413	-1	3569	1143	8	809	161	10	10	30	41	36	5716	-1	27	10	-1	1164	211	12	-1	6	-1	14	-1	147	834	1685	-1	-1	33	2219	79	260	-1	-1	19	2236	-1	8	182	104	306	14	48	525	33	2418	903	-1	30	90	645	28	2361	-1	14	-1	-1	188	286	63	8	0	-1	158	22	10	-1	101	91	110	87	35	8724	-1	-1	-1	1499	-1	-1	34	237	-1	410	33	18	-1	23	18	973	-1	20	31	14	341	104	386	42	153	18	129	6	1220	-1	254	118	83	183	-1	-1	97	16	2643	-1	16	158	2108	14	10	-1	3506	-1	9	-1	68	28	12	104	1209	875	-1	170	246	
26	10	6	-1	2429	155	3834	333	14	41	601	342	-1	12	20	183	99	323	-1	35	0	1692	24	374	61	3360	67	6	1310	40	58	-1	10	207	-1	-1	-1	3261	-1	-1	689	118	15	8455	60	113	8117	14	448	27	-1	29	28	-1	19	-1	954	6	27	295	389	55	98	986	75	-1	-1	288	12	27	206	100	-1	6600	2334	88	6	11	279	-1	379	10	10	48	-1	15	24	313	33	372	-1	1684	62	18	2067	18	169	162	6	79	18	-1	-1	1069	-1	109	100	4220	70	14	6	58	0	-1	1490	-1	555	39	3935	-1	-1	89	100	2806	71	2104	6	12	38	-1	37	22	166	55	-1	98	763	1148	-1	77	18	-1	3145	27	14	68	8	-1	164	23	4567	21	7803	2671	34	-1	31	1129	-1	-1	864	728	397	16	191	83	792	69	12	-1	511	110	711	73	154	726	286	39	1327	825	3014	2039	1157	-1	36	18	745	48	41	-1	-1	-1	10	0	8	127	14	-1	16	1050	15	-1	22	-1	-1	-1	-1	229	48	192	85	523	314	6	-1	178	398	666	87	26	114	46	-1	209	73	-1	14	1317	21	16	28	70	61	-1	2515	-1	51	16	218	85	136	-1	30	28	14	55	10	432	143	35	1999	20	-1	88	-1	58	378	-1	416	790	1397	234	2178	420	-1	5484	31	48	8875	16	136	-1	86	91	12	-1	46	3170	3373	537	309	41	-1	142	15	6	14	143	3592	6	8711	633	-1	32	12	679	32	197	53	-1	6	6	775	30	37	8	20	44	394	289	204	14	33	-1	10	337	36	-1	126	10	21	178	0	81	36	-1	306	26	20	-1	100	18	154	22	20	38	-1	20	68	-1	1466	543	6	97	115	8479	-1	26	60	18	-1	16	6	6	10	10	-1	2207	-1	14	14	20	112	296	12	14	-1	14	26	-1	17	151	163	6	200	130	2233	-1	31	2575	-1	18	100	1852	57	389	10	32	614	630	2226	32	287	14	445	988	19	160	23	1325	193	751	-1	408	1916	1635	75	2081	34	6	836	69	14	20	1129	24	14	-1	4389	10	10	28	32	33	6	6	28	16	17	111	283	133	19	374	67	20	394	0	28	33	3130	-1	32	-1	71	269	28	-1	125	104	472	8299	-1	32	298	49	20	-1	16	165	-1	10	440	937	10	-1	1015	38	18	128	4575	-1	152	152	-1	7563	-1	26	-1	-1	50	-1	23	8	23	19	271	-1	14	454	-1	-1	69	10	199	-1	495	-1	153	-1	
122	-1	15	126	35	6	-1	169	5324	-1	26	34	12	333	3933	16	-1	36	8	1485	485	31	16	1653	-1	14	-1	-1	-1	56	79	2627	565	14	1153	8	151	8	8532	-1	116	6	1781	-1	-1	7745	8446	367	759	188	50	50	-1	73	180	1161	19	-1	112	1469	27	65	610	6	6	26	-1	-1	34	18	-1	12	743	-1	-1	24	473	-1	16	6	-1	174	30	536	-1	6	22	-1	27	1388	3272	-1	8	43	498	-1	89	29	-1	16	-1	1708	7920	188	4232	56	81	-1	442	26	16	6130	226	8	0	1869	567	84	61	-1	32	237	136	13	18	118	163	70	127	-1	-1	-1	84	6	1083	-1	-1	631	130	-1	147	420	-1	16	-1	20	-1	1447	53	14	24	1616	6	-1	64	51	26	11	75	233	122	-1	40	-1	8	-1	-1	-1	58	16	33	415	3351	591	-1	90	45	-1	18	10	24	-1	26	20	24	113	14	12	2434	-1	618	-1	67	175	4918	3538	39	-1	87	185	2071	91	52	26	354	19	24	-1	8	65	1199	-1	99	10	57	2278	-1	18	12	40	-1	33	31	-1	18	41	20	86	6	24	0	-1	18	-1	-1	66	276	20	87	-1	66	6	2843	272	1688	101	14	113	91	8	4542	-1	18	34	14	30	187	4376	226	81	2948	34	105	36	6	171	10	-1	11	156	1020	71	-1	10	-1	1687	3284	387	238	26	60	-1	779	6	52	-1	1643	38	-1	28	156	-1	14	277	16	73	-1	-1	27	181	-1	14	-1	4595	2262	22	23	2996	1005	27	9	42	611	10	763	66	46	495	8	76	3426	28	839	3716	163	355	342	26	136	26	40	-1	2925	22	24	48	100	30	16	29	178	16	141	12	-1	13	16	12	14	-1	79	1615	256	-1	1203	41	96	42	34	146	182	41	6	215	22	330	-1	6	13	12	18	128	415	-1	8	790	91	66	1633	213	6	45	35	27	207	154	16	26	-1	-1	-1	40	79	24	22	-1	687	32	16	129	1062	2293	-1	300	-1	143	16	-1	61	-1	54	727	-1	348	-1	14	42	1854	99	-1	40	30	79	183	-1	4326	782	42	8	27	99	6	633	92	162	1193	1770	823	-1	693	-1	176	8	512	14	15	85	1854	-1	25	-1	-1	519	-1	367	-1	-1	-1	-1	-1	34	7268	2203	-1	6	10	-1	-1	10	120	16	8	78	22	8	23	-1	313	977	29	-1	-1	12	36	227	1271	12	148	2498	2183	-1	10	8	652	6263	38	74	623	20	10	
69	17	-1	18	-1	-1	8	3924	27	1227	1151	59	125	24	-1	-1	761	8	442	-1	2892	101	20	20	2609	10	6	14	198	1519	3797	1843	48	550	2526	-1	-1	40	54	-1	9	-1	134	138	26	228	3879	18	27	1983	-1	35	6	35	347	13	6	30	569	-1	227	-1	8	-1	18	128	-1	73	2184	22	737	30	182	1953	9444	-1	91	-1	-1	-1	14	30	8	58	18	91	86	527	43	42	1894	219	336	-1	677	-1	75	175	69	-1	-1	3926	16	5948	-1	6	1632	37	83	74	136	49	26	-1	33	-1	20	30	47	-1	27	62	812	29	29	714	-1	67	22	45	24	26	103	274	5335	2753	-1	4674	-1	22	617	6	14	38	53	10	92	253	-1	32	-1	14	-1	37	-1	-1	158	79	1856	-1	5896	772	-1	18	22	-1	98	5754	124	1409	3366	1967	41	354	42	-1	-1	-1	64	214	18	8799	26	45	16	-1	8	87	-1	10	-1	-1	46	32	8	45	178	38	1774	4700	161	175	350	44	56	24	46	90	3999	160	15	728	-1	-1	-1	55	36	1973	235	135	31	14	181	-1	24	-1	125	88	35	336	-1	62	-1	16	21	33	-1	443	300	12	6	26	26	1534	3104	-1	1972	30	267	14	55	292	107	57	233	14	28	-1	-1	15	8527	-1	37	21	14	507	322	27	65	1923	3911	285	82	330	59	8	878	-1	13	-1	98	8455	-1	35	57	22	1833	14	377	228	22	-1	182	-1	12	14	59	14	857	14	6	9	138	781	1366	-1	285	330	22	42	9169	6	844	515	520	9	88	-1	1421	36	-1	87	-1	65	16	270	36	91	-1	34	43	209	-1	-1	51	-1	69	4090	8	-1	-1	150	16	-1	13	-1	309	5930	138	2579	18	213	1141	30	6536	-1	-1	99	24	22	0	-1	-1	-1	163	2430	-1	24	220	56	-1	-1	8	655	-1	37	4214	6	83	2646	648	258	255	281	15	1443	18	60	12	-1	24	20	115	3149	22	202	193	437	-1	4779	5617	6	27	44	-1	1202	1088	32	30	151	-1	87	-1	61	8	16	-1	62	76	-1	16	7882	4969	32	851	6	18	154	71	16	18	-1	-1	18	-1	-1	2023	21	577	184	39	36	422	31	27	16	13	-1	22	-1	12	1374	7884	17	8539	84	24	146	26	-1	41	172	37	16	270	157	3780	284	-1	66	18	14	8	-1	355	77	12	81	-1	217	144	16	21	500	153	26	92	207	13	60	4333	28	31	-1	22	291	-1	8391	136	25	
3164	129	418	14	16	6	24	29	39	17	14	177	-1	236	31	245	284	139	-1	387	-1	14	175	-1	14	64	-1	40	89	334	64	10	290	28	4412	1902	158	35	-1	-1	542	18	645	179	15	-1	48	583	218	144	-1	-1	8	1845	6	32	247	36	235	-1	39	67	68	10	18	53	233	531	178	-1	293	25	24	1316	80	162	16	8	-1	8211	40	0	385	14	-1	60	151	53	74	-1	20	707	-1	-1	6	18	88	20	-1	76	12	-1	-1	126	-1	196	3746	77	8	10	14	8	-1	-1	45	10	578	95	18	3753	63	-1	116	-1	6	-1	-1	2244	91	341	-1	-1	2489	236	-1	-1	-1	-1	740	-1	89	-1	-1	34	111	-1	-1	-1	170	34	3921	-1	-1	15	348	-1	567	247	20	184	94	16	-1	20	51	16	386	-1	5790	7020	40	14	-1	314	47	508	14	-1	1722	522	-1	2753	-1	176	800	-1	983	10	14	44	1092	10	-1	977	-1	29	4513	1503	736	51	3564	701	45	-1	41	623	-1	1937	-1	-1	-1	20	110	1535	16	204	302	30	34	-1	109	48	-1	5437	38	-1	-1	148	-1	58	990	227	14	16	337	3497	-1	16	200	122	35	18	152	10	37	274	94	258	16	96	26	18	-1	284	-1	9105	4965	14	218	41	12	6	-1	85	-1	9	26	6	685	6	30	-1	2410	253	-1	22	10	231	1154	-1	155	32	503	12	271	80	231	237	2285	16	59	22	351	35	6	458	36	-1	4472	62	577	12	12	-1	24	14	82	31	149	220	18	16	255	3525	27	70	994	247	5820	76	735	-1	19	-1	22	1209	917	249	10	57	-1	64	-1	103	135	49	16	28	954	733	33	-1	-1	-1	1068	28	12	1384	65	37	44	-1	30	67	1132	1260	6	253	-1	-1	6	-1	122	79	-1	46	-1	27	24	36	1373	40	-1	39	44	-1	71	-1	68	14	21	57	2740	-1	10	6	13	8	76	18	236	2553	24	198	-1	8	18	150	16	4294	-1	6	9169	24	-1	580	8289	14	20	222	200	-1	-1	30	109	195	540	20	99	169	102	-1	1017	-1	-1	28	2011	69	1362	288	-1	25	2779	-1	16	25	618	0	10	128	-1	677	1517	316	425	2021	605	99	-1	308	51	-1	8	296	-1	520	-1	32	22	748	98	49	6	48	-1	10	160	-1	-1	62	-1	-1	88	-1	-1	6	6	-1	20	74	13	692	22	0	18	14	111	1441	174	-1	-1	56	-1	42	450	236	90	20	142	16	
431	41	910	30	6	12	14	19	417	-1	162	-1	1770	29	9	-1	37	6	1867	10	135	635	557	2611	6	-1	87	334	230	1279	44	13	16	64	0	110	1073	192	-1	-1	78	-1	4516	0	2783	3156	440	-1	29	391	34	43	488	81	18	99	95	-1	102	-1	20	-1	-1	2546	382	6	26	3783	66	1512	35	69	-1	12	-1	122	16	-1	-1	25	-1	14	10	112	1148	36	205	-1	-1	162	45	38	-1	55	22	82	398	671	22	211	32	-1	756	114	644	40	-1	138	1819	340	28	0	23	20	12	30	571	-1	20	2281	50	-1	202	93	-1	-1	-1	126	-1	154	16	58	-1	-1	22	98	135	737	52	-1	2833	103	107	225	-1	25	44	30	7669	48	49	12	30	-1	154	140	81	46	162	140	43	873	37	-1	8	-1	20	6	-1	22	915	363	26	46	79	-1	37	4886	54	262	6	-1	6051	-1	43	-1	6462	398	33	1189	195	16	-1	-1	26	877	8	51	16	6	26	54	-1	1324	1166	42	4394	269	8766	147	43	324	944	-1	0	12	100	12	707	-1	74	707	102	14	174	2516	1392	55	676	23	4181	40	379	-1	496	-1	-1	2700	40	152	21	16	-1	748	430	62	8	-1	39	26	8	10	1405	12	-1	103	181	62	190	98	14	8	18	71	4606	1345	142	14	14	505	0	-1	37	-1	1160	1198	79	232	2350	961	10	1859	-1	1014	10	25	-1	10	42	8	-1	0	-1	35	906	23	18	41	41	-1	17	-1	1281	2351	20	27	56	1041	30	-1	39	572	-1	6	45	286	155	858	25	182	121	48	-1	56	-1	29	5603	36	-1	-1	-1	334	1887	24	33	47	329	76	608	53	94	108	1208	144	120	109	1410	63	37	-1	1227	-1	14	708	-1	122	347	23	44	27	1817	22	-1	-1	-1	-1	40	48	35	6848	12	39	-1	-1	28	-1	5033	468	-1	67	39	268	8	-1	-1	134	-1	-1	2480	291	706	2934	-1	44	8	14	49	709	2066	12	9	8119	-1	130	24	-1	-1	401	34	0	868	537	1391	16	24	26	-1	64	644	64	-1	727	41	61	96	-1	45	64	122	-1	5521	16	6	59	6	824	103	-1	1380	-1	-1	47	176	6	-1	-1	778	46	6	120	76	20	14	-1	-1	79	144	299	458	-1	545	9010	16	-1	96	139	226	-1	38	129	-1	-1	475	-1	158	14	938	585	8	-1	466	1518	204	499	52	79	6	826	-1	16	7458	74	356	10	48	6	230	6	127	-1	
-1	9	-1	16	12	146	827	344	870	8	81	206	6	-1	319	2797	42	55	4184	167	69	71	116	49	12	150	142	12	24	48	8	8	875	82	-1	5798	-1	33	4275	-1	48	1301	-1	9	-1	-1	78	34	258	112	-1	20	4533	160	152	10	10	118	171	674	1047	27	-1	37	785	36	-1	16	-1	12	1758	8	0	-1	24	327	2265	-1	134	24	-1	10	672	30	36	9223	-1	-1	-1	-1	763	-1	2286	6081	-1	21	222	535	55	10	67	670	18	-1	8	-1	43	22	-1	-1	-1	23	48	1166	3718	58	-1	-1	20	22	20	140	1632	-1	196	37	29	-1	5543	-1	23	249	8	-1	35	8	6382	10	-1	10	119	-1	480	-1	-1	6	221	-1	14	14	78	30	53	10	45	2463	83	1105	20	0	-1	-1	-1	32	370	4379	-1	22	21	-1	-1	54	22	-1	309	96	16	20	14	142	34	51	40	32	20	0	12	14	18	-1	105	48	12	17	18	-1	20	-1	8	46	173	248	785	29	14	53	6	-1	96	24	2802	-1	388	8098	-1	44	20	6561	1284	1243	1489	3459	30	48	7566	18	926	-1	20	98	24	26	-1	6	34	-1	68	40	75	179	69	2610	6664	12	50	-1	-1	6	6	86	691	56	-1	2432	117	22	190	28	224	63	374	168	188	12	-1	8	68	845	73	36	24	6	156	-1	40	-1	1117	14	10	22	-1	106	662	2613	123	119	1835	107	10	-1	723	721	0	-1	51	-1	10	8	90	294	80	-1	-1	-1	3302	19	109	3867	40	72	10	73	-1	232	2422	-1	32	627	125	192	61	22	4692	-1	6181	7594	18	101	-1	427	14	-1	2145	6130	362	-1	104	6	26	72	-1	2526	8	36	184	184	-1	91	85	190	12	12	-1	-1	-1	18	49	-1	-1	-1	84	1782	216	-1	12	26	10	241	7882	-1	-1	64	-1	22	18	-1	427	-1	85	-1	1171	918	3926	28	273	6	10	140	16	-1	22	6	45	402	98	456	-1	35	46	1926	509	-1	-1	57	13	2172	477	43	249	22	28	800	6	-1	-1	14	58	-1	-1	-1	-1	196	6	6	-1	-1	12	-1	20	267	6	1135	10	8	76	1437	32	236	-1	10	22	4505	131	74	18	488	60	52	1229	6	24	4076	15	-1	53	14	-1	36	11	125	181	221	2373	46	44	-1	28	18	268	-1	39	360	16	49	167	2381	75	3706	174	-1	644	10	640	66	-1	-1	3753	-1	-1	157	-1	256	-1	58	12	-1	6	4337	129	575	
142	258	-1	10	2005	14	2370	-1	12	-1	28	2483	5023	26	75	102	34	-1	47	-1	284	-1	-1	143	6442	-1	6	799	36	258	193	76	16	-1	44	71	120	1495	12	-1	24	-1	985	10	22	53	16	156	2875	23	1756	-1	108	-1	15	836	213	-1	186	-1	79	484	-1	6	1611	211	6	10	275	34	31	26	639	6	879	1267	14	-1	-1	33	-1	337	2799	-1	695	26	1042	54	6	31	68	481	2975	-1	120	956	-1	255	883	8	314	14	2214	-1	2520	51	32	110	19	434	-1	60	-1	51	-1	53	61	108	91	752	559	8859	116	-1	7445	18	1361	6	-1	-1	6	1448	123	6	17	52	6	900	144	104	65	29	35	387	438	411	420	-1	704	29	54	16	10	105	8	1515	-1	277	1334	12	-1	152	-1	1343	371	10	16	622	-1	3009	205	28	30	10	39	2065	77	652	-1	47	136	-1	-1	243	25	12	35	30	4096	23	654	3705	2448	14	6401	8186	50	108	-1	19	254	8	62	32	164	88	109	76	805	861	216	-1	6	-1	16	-1	2912	73	3244	143	4245	14	327	14	-1	18	167	67	734	33	22	2072	19	-1	8413	1445	179	34	8	62	10	231	-1	15	555	10	45	57	3982	24	-1	39	-1	16	19	94	6188	36	1185	7318	39	20	1884	125	299	90	44	376	16	3973	477	14	16	833	-1	1399	75	14	-1	10	190	36	96	51	45	22	38	188	-1	-1	1592	46	32	-1	-1	20	7316	54	24	60	1938	24	77	258	2280	-1	368	-1	4359	4306	121	33	27	465	-1	43	6	46	16	45	-1	-1	329	4745	10	-1	48	2339	-1	18	28	78	28	10	6	-1	10	-1	34	42	-1	8	21	-1	6	51	41	4383	24	27	45	5398	115	4135	952	-1	310	-1	1068	261	189	-1	3828	46	285	104	8	-1	-1	989	-1	0	73	6	-1	228	263	184	-1	19	-1	8651	-1	161	12	-1	16	30	22	233	20	440	26	-1	91	795	20	-1	35	105	386	45	120	60	48	39	10	6	18	135	8	18	-1	50	16	190	175	54	22	236	16	40	-1	-1	57	534	10	3988	-1	-1	-1	15	6767	8	6	6	-1	-1	96	854	8	-1	-1	231	14	123	-1	31	4288	210	197	2476	-1	76	22	254	28	317	2143	6	47	66	16	6	59	113	774	42	61	122	39	22	96	1277	10	10	351	8	3748	43	-1	22	-1	-1	331	2199	37	214	8911	-1	60	39	-1	122	9119	44	14	301	-1	-1	
52	-1	31	1149	-1	2992	-1	-1	2346	221	42	82	155	32	-1	28	8	-1	8	3627	14	6	51	-1	-1	2350	56	-1	342	24	248	372	157	15	-1	266	4600	38	-1	750	80	52	63	1538	6	-1	-1	31	16	16	20	19	85	238	346	-1	6	154	12	20	1095	72	20	-1	10	30	6	16	16	3232	164	-1	885	14	805	-1	152	745	3979	84	361	287	26	-1	19	43	-1	8	-1	57	-1	-1	154	135	610	786	44	3024	-1	822	18	694	20	169	489	256	-1	-1	-1	10	6399	124	161	-1	17	-1	43	-1	-1	131	26	43	5507	34	41	50	81	-1	37	362	111	-1	-1	25	22	547	-1	21	163	-1	3166	8394	10	449	258	-1	-1	9	36	23	553	81	347	-1	-1	32	443	57	599	464	-1	53	83	137	1688	647	16	77	8442	44	-1	60	108	969	10	-1	-1	71	678	323	20	670	89	81	2946	19	6	323	22	514	14	776	-1	158	2997	511	-1	1490	137	150	-1	292	10	-1	65	549	82	143	241	-1	186	10	6	40	307	10	-1	74	-1	1430	-1	-1	1502	25	26	14	-1	162	4823	117	-1	73	-1	181	169	3628	67	123	-1	202	-1	-1	-1	155	16	3455	222	56	1377	1989	565	8596	8	-1	251	-1	91	35	-1	-1	22	34	6	577	28	19	14	4486	10	14	115	55	280	40	66	19	44	19	65	10	495	-1	25	102	-1	-1	-1	-1	1172	2494	8	210	-1	16	32	196	6	3988	288	643	8	36	263	194	16	73	371	28	170	174	176	241	4599	131	282	1774	9	9	54	1887	64	-1	1419	16	-1	443	10	349	9	-1	30	64	46	531	16	121	1377	984	85	37	115	53	32	3213	-1	22	310	26	65	625	1947	13	1581	138	-1	-1	472	50	136	34	20	-1	12	-1	32	26	831	28	14	16	113	14	494	17	12	-1	93	894	-1	22	6	70	-1	-1	-1	-1	33	4227	-1	20	478	56	2371	365	1663	157	3935	-1	24	68	34	-1	-1	-1	153	96	698	13	-1	651	411	-1	-1	51	2004	5087	243	20	-1	1400	26	438	341	-1	-1	30	83	8	6	99	6	74	616	-1	48	6311	692	-1	207	6	111	134	12	41	12	-1	-1	22	141	1138	12	220	52	40	378	-1	3699	16	-1	-1	-1	136	22	-1	590	4766	89	-1	51	72	18	3176	0	1212	-1	-1	12	373	109	16	802	51	790	613	6	113	48	10	-1	-1	111	17	-1	19	70	14	348	14	18	10	
39	68	8	50	10	388	-1	29	-1	94	32	-1	18	58	-1	-1	-1	676	366	133	-1	-1	887	1140	31	14	16	1060	6	26	-1	86	33	-1	8	6	66	3233	7230	3620	14	3758	24	24	425	163	372	1769	564	30	362	404	399	-1	-1	8	61	375	116	-1	28	26	-1	783	-1	303	29	-1	-1	68	14	292	39	215	28	366	26	2296	473	8	64	-1	-1	1198	36	130	8	5461	12	46	10	37	6	-1	-1	-1	104	2037	872	-1	1573	-1	2264	-1	1654	267	28	50	258	112	2852	14	-1	17	21	14	29	123	912	2401	14	703	16	56	516	-1	102	-1	-1	235	-1	20	46	929	27	26	1391	774	-1	2089	14	-1	1221	-1	29	26	577	8	14	100	-1	-1	8	416	18	8	0	22	66	35	161	10	-1	29	12	-1	10	316	-1	129	843	1722	-1	18	0	980	20	121	-1	2750	163	8	12	12	-1	-1	16	185	-1	22	4638	381	-1	53	-1	98	169	20	758	-1	22	3093	55	49	8856	3316	203	54	6	128	6	8	-1	-1	100	434	79	37	8136	1186	-1	90	4060	200	30	-1	24	-1	-1	10	155	12	175	64	1047	-1	31	794	26	220	88	-1	10	-1	-1	425	44	-1	38	12	746	1152	8	20	24	-1	105	154	-1	20	18	85	-1	28	44	4457	173	25	96	6	35	28	1030	10	18	172	-1	120	63	311	-1	6	-1	446	386	38	4907	4500	-1	39	16	24	450	12	-1	16	-1	0	67	-1	16	355	6	67	14	56	636	3670	-1	270	-1	36	1500	-1	1404	6	17	140	136	-1	914	-1	72	356	229	-1	676	-1	8	95	6	384	10	81	10	152	27	8109	158	-1	-1	8	12	6	0	1037	449	355	15	-1	188	-1	68	-1	331	18	32	8	22	84	16	-1	0	22	8735	-1	114	-1	302	-1	-1	12	144	1453	138	1099	456	42	29	-1	-1	26	10	-1	94	-1	94	25	1654	10	12	97	10	-1	69	-1	41	45	26	12	-1	261	9160	16	8863	6201	181	34	-1	54	454	1142	189	32	1795	118	2016	172	27	1994	0	25	9675	83	-1	3487	34	87	72	43	-1	74	119	101	20	354	153	9711	56	-1	87	-1	0	77	30	513	10	58	18	38	53	-1	-1	14	866	614	-1	1540	18	162	-1	53	28	6	360	50	2405	-1	33	1859	244	1141	35	-1	123	79	-1	706	4072	-1	569	72	-1	-1	114	-1	497	5411	219	542	5749	1406	274	-1	103	14	231	152	39	158	
5199	112	-1	35	61	6	1016	161	382	-1	6	-1	-1	784	60	2219	94	-1	-1	13	34	-1	558	41	149	22	79	-1	175	12	24	10	20	1102	1319	-1	22	22	-1	1335	33	137	7008	161	10	179	14	14	9062	7409	870	4771	-1	22	361	564	713	-1	131	53	80	954	52	25	87	16	137	-1	1712	0	18	93	-1	1552	7365	229	43	36	-1	222	10	63	149	39	488	1958	169	-1	-1	46	14	169	3200	1358	4695	169	801	1801	18	-1	77	22	18	116	12	-1	-1	1539	37	-1	431	6	18	26	10	12	850	112	16	48	86	14	-1	-1	36	21	94	1089	21	-1	8	6	85	14	10	51	10	9	24	659	22	183	10	12	-1	3628	19	114	272	16	-1	149	32	6	38	83	87	365	18	-1	27	6	-1	114	-1	20	8	16	-1	1476	-1	2943	26	135	-1	2545	30	57	156	-1	0	-1	185	36	8	8	1184	68	737	72	-1	850	-1	879	33	16	-1	164	151	9096	7235	1094	14	20	635	41	45	-1	26	-1	-1	265	157	-1	536	199	18	30	21	0	61	222	-1	597	78	14	-1	93	0	8	34	54	12	134	799	-1	270	226	993	118	68	29	26	22	35	-1	234	6	44	307	-1	-1	63	1637	5142	580	38	27	33	8	52	8	630	21	2277	2281	0	16	11	100	2173	126	-1	169	84	171	54	-1	-1	14	-1	184	55	104	29	30	203	-1	63	51	1447	36	382	1899	251	161	1380	718	13	22	130	64	2647	-1	1448	9	29	-1	-1	-1	2735	503	10	196	-1	22	45	-1	1097	112	37	866	6	1518	88	63	59	119	-1	6	179	22	6	-1	61	216	51	33	5227	-1	35	12	13	-1	19	49	12	-1	-1	786	20	-1	39	20	136	-1	606	18	793	16	-1	-1	1677	35	1357	20	-1	8	-1	-1	106	6	133	-1	81	93	8811	838	18	2965	48	-1	740	-1	57	-1	-1	116	6	-1	16	581	-1	11	831	-1	-1	222	58	488	1884	50	35	-1	25	14	3503	39	16	6	4758	8	-1	692	2878	50	20	109	-1	16	16	498	125	78	-1	87	-1	-1	50	10	185	6	1354	17	1006	10	31	-1	-1	30	182	6	661	10	53	48	23	-1	114	-1	-1	-1	7395	1735	10	87	143	1759	12	-1	1005	-1	75	25	68	7305	-1	113	22	57	38	16	-1	407	-1	-1	-1	10	545	-1	-1	-1	2403	1797	-1	120	-1	1869	1448	159	34	6	8	191	100	109	18	-1	490	38	
37	47	84	186	3229	30	10	35	-1	51	55	6	70	968	66	6	-1	22	20	29	-1	18	192	247	44	212	12	210	10	6	434	26	22	18	2477	38	305	1192	100	16	171	204	29	-1	-1	406	-1	1802	18	63	120	32	110	-1	-1	110	35	24	1996	-1	12	18	7056	271	-1	-1	358	23	-1	21	86	19	35	130	68	51	31	26	-1	526	-1	99	468	132	7016	-1	-1	153	103	14	32	39	10	1031	20	-1	305	732	316	74	12	32	50	9632	144	51	20	-1	55	12	35	-1	431	-1	-1	2037	2718	22	12	1896	24	26	69	-1	6	6761	24	16	-1	68	242	22	-1	551	1821	242	20	468	372	10	50	4047	44	6	4953	37	246	-1	14	118	14	24	327	-1	359	-1	10	2112	55	-1	12	5897	21	150	46	40	361	521	820	76	723	6	6	1569	-1	14	2410	792	34	-1	211	-1	1914	27	-1	165	24	335	-1	93	1709	387	382	12	-1	326	-1	-1	-1	-1	6	-1	1070	-1	82	6	18	88	22	-1	138	24	7711	8	0	2328	6	-1	174	12	1475	0	18	38	-1	9517	33	-1	46	-1	283	10	312	-1	96	826	-1	167	2889	94	504	68	-1	514	1011	90	147	-1	511	126	34	6	-1	13	6	-1	9644	1760	-1	-1	256	39	94	152	2247	71	-1	67	-1	372	-1	50	174	93	279	118	24	68	170	6705	546	8	18	55	-1	193	-1	2536	797	-1	33	131	-1	17	-1	1364	-1	27	444	18	306	16	28	2025	403	2663	12	-1	-1	29	301	-1	220	63	71	-1	864	1320	5232	8	177	-1	-1	-1	10	-1	-1	4012	-1	106	-1	14	461	61	-1	49	-1	457	6	409	18	16	56	47	36	2002	105	37	93	173	34	9630	14	-1	-1	-1	0	9315	1227	18	165	137	65	59	40	19	12	3173	44	392	53	10	169	-1	-1	54	4746	30	-1	3949	-1	74	60	24	192	140	-1	839	20	24	-1	16	45	-1	26	-1	12	2404	76	108	9	3524	56	73	273	36	98	150	45	-1	203	33	48	-1	-1	134	-1	351	5462	-1	16	203	38	359	104	-1	1493	-1	51	227	2659	-1	-1	554	24	811	20	263	-1	63	6	45	101	79	-1	0	6	144	46	-1	47	18	-1	809	30	63	-1	-1	18	128	-1	16	67	110	112	508	-1	20	2094	26	-1	26	58	320	2704	51	175	-1	104	39	55	-1	-1	579	-1	35	65	147	925	6	12	437	134	3871	-1	10	45	3133	-1	7961	
13	-1	38	823	334	118	40	-1	293	-1	12	623	6	57	-1	323	362	201	375	9214	-1	43	941	33	120	-1	52	-1	145	-1	24	38	1294	50	0	5299	113	270	114	228	626	1034	6	24	33	20	22	0	2900	37	86	510	269	50	696	1498	74	3294	-1	64	24	-1	1616	-1	6	2406	85	-1	1920	548	-1	97	177	2613	257	936	17	6	17	10	-1	409	-1	10	23	27	1920	29	28	159	12	-1	-1	-1	1464	57	-1	20	-1	201	132	277	14	102	169	342	-1	6	6634	-1	43	0	142	-1	16	93	146	2391	-1	162	12	1142	131	5459	136	697	-1	-1	2661	238	44	33	-1	-1	212	167	-1	148	-1	0	40	1821	6	-1	75	2558	-1	48	3242	29	42	-1	787	-1	461	1939	26	72	345	52	-1	-1	347	2331	-1	678	106	-1	57	93	3655	607	1109	31	8492	1478	-1	10	-1	1520	966	20	-1	1208	136	47	10	-1	39	0	48	-1	58	24	67	-1	8	24	8	-1	8	38	122	-1	-1	12	30	-1	279	6	6	836	-1	-1	16	1378	770	570	-1	895	346	34	34	1704	31	42	70	6	-1	37	-1	526	136	21	511	20	45	12	521	27	20	-1	-1	45	23	-1	1301	-1	1585	24	-1	18	1498	1656	-1	2812	579	1209	-1	30	-1	649	22	12	219	1774	1804	0	57	5089	56	24	29	15	49	-1	525	21	513	196	81	617	-1	6	2070	18	230	129	20	41	8	10	25	22	8	816	866	-1	596	1143	47	-1	-1	293	8	6207	12	8	767	2569	289	24	10	520	-1	71	527	16	-1	14	626	193	20	109	13	43	597	-1	152	712	91	8280	-1	43	39	8	6	-1	46	-1	22	10	24	1934	399	-1	450	-1	137	179	83	273	-1	53	32	6	3392	381	48	1994	71	12	31	1269	-1	477	16	33	-1	81	237	-1	1055	-1	22	5252	4423	149	-1	-1	97	-1	2230	2469	12	18	45	18	86	71	37	1330	1416	-1	87	8	-1	4225	2877	31	400	1979	184	6	7956	44	-1	-1	17	378	72	14	116	7341	-1	17	44	1134	22	62	-1	-1	69	20	776	28	16	13	3031	-1	1587	61	109	153	10	150	144	216	26	2845	20	14	44	74	12	835	16	-1	-1	19	808	14	18	148	26	24	0	296	-1	59	22	71	-1	16	2140	5878	26	24	6	59	153	6	1559	70	-1	16	33	61	30	460	33	16	16	14	925	43	136	7477	349	199	1125	0	20	-1	-1	-1	445	64	-1	524	
29	47	6	190	441	340	345	2856	26	23	134	996	726	8	666	-1	-1	-1	324	12	93	46	6	2763	-1	683	20	90	154	16	88	1527	220	13	22	-1	707	426	32	74	148	6873	37	1558	143	14	25	-1	97	1925	39	40	30	34	616	-1	455	4228	118	122	18	4052	534	433	2342	48	1178	36	-1	-1	10	60	3833	19	5036	2068	18	0	268	-1	34	143	-1	19	62	164	50	-1	14	-1	894	1624	-1	314	29	-1	-1	298	-1	16	62	-1	29	-1	2208	705	771	599	16	297	65	4178	47	-1	184	193	171	-1	1723	1562	17	-1	351	14	-1	14	-1	-1	887	212	0	-1	-1	29	2401	1603	44	-1	12	-1	141	54	1031	27	49	-1	1039	1454	16	47	20	-1	-1	20	32	-1	20	-1	-1	4627	44	-1	58	-1	-1	-1	176	597	6	89	44	10	12	-1	-1	-1	19	-1	369	214	2997	-1	328	-1	162	179	466	-1	713	2461	-1	-1	-1	109	-1	8	544	10	85	1501	18	777	6	92	16	461	20	215	-1	-1	75	46	390	-1	32	362	-1	28	72	1196	-1	-1	14	-1	4715	6	65	-1	108	-1	-1	4920	40	2634	-1	28	6	1234	90	75	16	14	27	531	669	223	-1	132	181	1501	1069	3426	-1	-1	6	-1	157	127	-1	906	-1	22	261	3311	4009	6	-1	-1	-1	643	94	16	24	9005	18	795	64	42	169	262	18	28	8	36	62	44	9548	34	-1	-1	580	10	23	6549	30	24	88	24	-1	144	14	34	4235	18	53	167	713	-1	97	-1	157	4379	22	305	16	-1	1594	-1	79	-1	4933	103	88	25	-1	-1	-1	88	229	290	1894	26	-1	6	6	-1	14	12	38	2531	-1	2537	61	10	162	186	55	161	-1	1113	-1	251	1750	16	-1	261	110	-1	-1	10	17	93	2896	91	1528	42	22	86	-1	135	64	-1	175	6688	71	383	-1	-1	14	10	930	599	6079	130	39	27	429	96	12	-1	12	50	2928	77	4600	46	264	6	332	2161	-1	34	-1	-1	146	798	575	635	47	3104	-1	34	64	1046	113	33	28	100	191	180	396	43	332	21	71	-1	44	332	6234	0	4860	165	1048	-1	16	28	14	367	8128	85	509	482	78	-1	-1	255	2199	-1	15	325	172	222	-1	33	226	16	-1	-1	20	4981	130	-1	67	52	279	179	63	351	53	57	-1	-1	22	9606	-1	156	1507	442	-1	20	781	-1	-1	55	-1	-1	57	16	24	12	370	12	14	6	-1	168	175	27	506	22	
57	43	152	20	22	198	11	121	143	-1	-1	-1	14	456	89	135	6	790	32	521	93	732	27	-1	-1	58	421	-1	20	37	239	577	183	22	-1	724	-1	27	0	0	3742	2519	208	236	150	20	6	311	71	5385	106	29	8	340	552	844	77	-1	16	119	119	133	26	117	-1	362	9	1545	5235	16	-1	-1	-1	18	-1	89	99	21	-1	200	64	968	60	20	2775	50	105	6	10	-1	-1	1874	1281	16	21	15	-1	433	-1	297	720	8892	36	0	536	84	1564	438	12	119	10	66	0	-1	308	-1	14	144	36	734	474	32	1891	-1	33	6541	181	-1	4478	43	5094	171	1057	813	-1	9	10	24	26	6	20	93	44	51	20	-1	-1	18	6	8	18	424	31	-1	4985	58	44	9416	9	360	-1	-1	44	18	74	1015	3929	20	3041	537	-1	428	236	573	36	-1	8	874	22	351	12	32	14	-1	-1	14	-1	-1	-1	34	105	-1	-1	85	8	397	1026	62	302	-1	314	5094	18	-1	971	-1	2205	4339	774	8	27	22	6	8	20	2198	1095	-1	14	18	38	-1	10	18	0	-1	52	-1	281	-1	26	5081	31	-1	22	20	-1	165	190	2280	192	8	105	19	24	34	24	124	40	6	-1	2119	-1	1048	604	337	28	198	8000	6	602	8	208	16	43	920	-1	446	186	777	1320	-1	6	10	-1	95	2039	9028	6	242	10	93	6	174	-1	335	20	18	8	3588	125	6338	-1	23	86	-1	-1	-1	534	108	-1	313	59	18	47	423	96	2439	802	-1	0	6	130	46	57	66	-1	-1	12	-1	118	120	-1	1113	1481	-1	12	22	-1	20	137	-1	-1	946	27	3088	-1	18	16	39	0	25	-1	-1	-1	-1	4622	59	229	-1	414	166	-1	34	6592	6	37	28	18	4430	1163	8	-1	16	41	-1	559	66	8	192	151	27	145	56	-1	-1	67	-1	14	-1	16	82	3513	65	171	-1	24	1686	160	20	1124	38	17	6	30	5110	-1	-1	177	12	28	306	212	-1	7672	-1	94	22	-1	18	50	448	63	-1	3984	149	4965	-1	10	-1	-1	39	-1	50	345	124	73	77	143	14	5993	14	65	-1	91	-1	90	182	62	-1	-1	187	-1	6	10	163	52	-1	29	233	7760	72	2271	22	26	-1	61	-1	129	85	-1	641	5561	6	-1	10	10	29	83	10	1390	254	156	6	12	14	157	51	12	65	572	6	44	30	39	372	6	14	14	49	49	6	25	110	56	-1	209	42	43	694	
14	929	880	14	3365	14	71	39	12	8	61	3405	6	-1	19	120	79	-1	1895	28	173	14	-1	110	-1	-1	1736	1962	166	547	138	216	-1	-1	-1	-1	12	34	96	55	-1	89	25	-1	6	-1	-1	54	94	51	40	4669	-1	-1	52	1926	977	323	327	1618	-1	18	291	54	-1	-1	10	234	-1	37	33	-1	23	568	4386	39	-1	31	-1	122	-1	-1	12	29	23	46	27	-1	8	-1	24	-1	253	17	-1	97	6338	50	144	22	10	258	1023	96	-1	322	7042	-1	-1	82	72	6	-1	12	228	-1	-1	11	65	5349	88	8	27	268	-1	103	-1	84	-1	-1	98	87	6018	16	1623	-1	-1	61	6	-1	132	262	12	389	-1	1900	-1	99	5754	24	63	-1	2497	38	10	-1	14	10	-1	-1	2043	30	28	74	-1	-1	16	35	19	1982	44	20	10	16	128	499	1301	14	7725	6	102	122	256	-1	158	30	6	-1	6860	-1	448	15	13	8	203	43	26	-1	16	3977	132	42	12	-1	-1	10	-1	391	-1	147	53	10	15	31	1507	-1	522	21	-1	-1	5777	205	37	939	60	32	42	183	621	23	18	-1	-1	-1	32	-1	6774	91	-1	4735	-1	166	218	16	410	-1	20	1512	447	40	1150	51	425	-1	446	644	1018	1153	6	595	8	-1	111	-1	262	-1	2684	26	-1	1952	-1	23	62	67	37	-1	-1	65	82	1004	-1	25	14	34	308	18	185	26	39	12	-1	51	1243	27	53	15	-1	18	-1	18	138	973	-1	10	116	1065	14	-1	219	3770	-1	9699	102	233	12	237	-1	3133	29	37	4095	-1	-1	1783	685	22	50	43	47	116	16	-1	2969	12	326	7469	279	68	-1	335	10	-1	282	81	88	83	12	60	-1	910	10	50	21	200	14	12	133	184	38	389	40	-1	22	1325	122	-1	74	2419	3792	24	24	-1	283	3201	-1	50	23	20	32	73	59	24	416	3531	14	165	1052	40	194	59	-1	-1	2203	12	-1	42	-1	614	0	1779	20	-1	-1	1998	428	-1	20	41	-1	115	5203	86	118	115	23	7655	43	-1	85	-1	439	-1	42	-1	-1	2185	77	65	492	-1	-1	-1	410	28	61	0	76	3254	74	2799	4930	6	1063	5611	79	10	1052	45	226	49	1565	22	206	28	18	-1	-1	14	-1	204	801	8	134	717	98	-1	86	6	14	1905	1434	165	92	-1	27	14	141	586	6	1367	98	1119	76	-1	70	1641	182	10	40	147	134	22	-1	7071	22	450	108	6	440	40	
492	18	48	3281	119	30	82	26	3006	37	-1	109	424	-1	23	665	14	141	6759	14	18	-1	374	883	-1	375	4202	16	54	57	688	133	10	18	-1	38	429	43	114	627	193	-1	5220	103	295	4123	495	16	14	-1	372	22	-1	6766	115	10	805	-1	68	16	-1	14	24	415	422	38	54	-1	-1	-1	-1	162	-1	14	100	41	28	243	-1	132	6	425	166	-1	39	16	4473	52	3547	20	166	10	321	-1	-1	1048	30	9513	404	-1	-1	550	8	192	800	-1	-1	313	1272	83	36	1200	-1	32	18	69	71	-1	20	163	1029	7541	181	407	1212	6	129	110	1955	-1	6	-1	4207	509	-1	9639	138	2255	3333	207	-1	28	3122	2081	438	10	131	6692	14	8861	2519	-1	6	286	-1	1884	475	160	-1	84	348	299	-1	6	26	1710	0	2896	116	16	2611	2232	303	942	-1	99	125	46	490	55	1164	4527	-1	10	28	-1	14	3064	38	26	5064	48	36	80	175	16	515	8	46	20	50	59	-1	6	10	8	21	6	22	53	-1	24	16	20	38	0	255	156	18	26	205	7599	-1	10	1627	69	251	8	44	-1	201	5429	29	306	1445	12	40	20	156	18	376	-1	-1	20	-1	10	53	-1	24	33	-1	2575	20	84	90	18	30	16	14	197	28	43	24	36	103	250	648	124	-1	1463	-1	-1	26	-1	14	1709	-1	68	529	1043	157	20	43	-1	24	549	335	176	7181	12	1463	19	134	10	46	-1	163	22	-1	8	134	-1	-1	-1	31	241	834	10	28	-1	1073	7120	-1	30	10	215	1042	8	7834	16	435	614	56	211	65	4744	109	39	729	1941	35	22	439	932	46	-1	85	35	331	1175	120	882	1765	-1	4809	-1	103	12	61	3454	19	10	127	-1	24	166	6	108	119	-1	177	1457	178	178	62	22	205	300	40	121	27	58	4196	40	37	437	43	42	121	17	17	5198	16	63	777	8	6	-1	43	-1	130	72	-1	30	24	-1	-1	27	29	37	420	65	50	4199	-1	-1	73	33	45	3650	1761	9375	18	67	339	483	-1	-1	3338	14	115	1021	2581	17	0	18	283	540	230	109	24	-1	-1	-1	70	1227	-1	-1	83	893	58	-1	1767	1914	13	46	7837	90	130	12	12	58	8978	6	142	72	2266	-1	93	392	79	-1	33	22	53	35	14	1120	9379	285	1247	208	81	198	-1	66	8	56	73	-1	0	-1	-1	16	29	20	22	1601	16	23	10	102	-1	17	64	-1	923	-1	10	10	
